Account,User,IP Address,Manufacturer,Model,Firmware,Server type,HTTP Response code,HTTP Message,Page Title,Login Attempt,Password 
8888001244,bills,64.105.98.4,Cisco SPA,SPA303,7.4.9a,,200,OK,SPA303 Configuration Utility,Success,none 
8888001244,peyton,64.105.98.2,Cisco SPA,SPA303,7.4.9a,,200,OK,SPA303 Configuration Utility,Success,none 
afwr,kristen,98.102.128.10,Cisco SPA,SPA303,7.4.9a,,200,OK,SPA303 Configuration Utility,Success,none 
afwr,kristen,98.102.128.253,Cisco SPA,SPA303,7.4.9a,,200,OK,SPA303 Configuration Utility,Success,none 
awshealth,mark,67.91.166.198,Cisco SPA,SPA303,7.4.9a,,200,OK,SPA303 Configuration Utility,Success,none 
bbbs,user103,67.215.17.51,Cisco SPA,SPA303,7.4.9c,,200,OK,SPA303 Configuration Utility,Success,none 
bbbs,user105,96.31.97.91,Cisco SPA,SPA303,7.4.9c,,200,OK,SPA303 Configuration Utility,Success,none 
carolinaambulance,crewline,98.101.19.27,Cisco SPA,SPA303,7.4.9a,,200,OK,SPA303 Configuration Utility,Success,none 
carolinaambulance,robbie,98.101.19.19,Cisco SPA,SPA303,7.4.9a,,200,OK,SPA303 Configuration Utility,Success,none 
carolinaambulance,shawn,98.101.19.145,Cisco SPA,SPA303,7.4.9a,,200,OK,SPA303 Configuration Utility,Success,none 
ccctamp,tom,76.109.248.182,Cisco SPA,SPA303,7.4.9a,,200,OK,SPA303 Configuration Utility,Success,none 
fusionapps,datacenter1,69.167.117.30,Cisco SPA,SPA303,7.4.9a,,200,OK,SPA303 Configuration Utility,Success,none 
mahoozi,armani,68.50.37.135,Cisco SPA,SPA303,7.4.9a,,200,OK,SPA303 Configuration Utility,Success,none 
mahoozi,dela,68.50.37.135,Cisco SPA,SPA303,7.4.9a,,200,OK,SPA303 Configuration Utility,Success,none 
turtleson,darlene,70.63.78.252,Cisco SPA,SPA303,7.4.9a,,200,OK,SPA303 Configuration Utility,Success,none 
wellhealedpet,jodyohio,75.187.82.63,Cisco SPA,SPA502G,7.4.9a,,200,OK,SPA502G Configuration Utility,Success,none 
wellhealedpet,roselyn,65.24.139.18,Cisco SPA,SPA303,7.4.9a,,200,OK,SPA303 Configuration Utility,Success,none 
youridguard,lleeiv,74.113.137.205,Cisco SPA,SPA303,7.4.9a,,200,OK,SPA303 Configuration Utility,Success,none 
youridguard,lsnyder,74.113.137.204,Cisco SPA,SPA303,7.4.9a,,200,OK,SPA303 Configuration Utility,Success,none 
zdirect,rene,200.77.34.122,Cisco SPA,SPA303,7.4.9a,,200,OK,SPA303 Configuration Utility,Success,none 
